trait,m_in_ref,n_over_cap,chi2_total,chi2_over_cap,max_chi2,max_chi2_rsid,pct_chi2_removed,pct_variants_removed
bilirubin_total,1052225,2262,7410764.579553555,5413003.649578247,107798.63568334516,rs887829,73.04,0.215
bilirubin_direct,1057567,788,4807487.903244415,3338725.4468573057,76936.890625,rs887829,69.45,0.0745
lipoprotein_a,1057571,529,2236917.6927283686,1130581.4076745692,12693.77777777778,rs3103347,50.54,0.05
urate,1015768,1645,3143576.0205556955,1468511.0956288008,14649.34601664685,rs7675964,46.71,0.1619
cystatin_C,1057570,2039,3425959.092054354,923388.3861538011,21274.30612244898,rs35610040,26.95,0.1928
ALP,1057569,2960,2990967.928275703,762120.5997780974,10368.85731272295,rs651007,25.48,0.2799
SHBG,1057569,1957,2746367.9992716815,627479.306856423,8332.038399999998,rs727428,22.85,0.185
CRP,1057570,1268,2559979.2349415156,452115.9030303779,5461.210000000001,rs4420638,17.66,0.1199
GGT,1057486,1838,2671957.841149939,428186.12347863015,7772.1856,rs5760492,16.03,0.1738
LDL,928786,420,1214858.7501115007,91944.31613562281,2012.7962200884017,rs445925,7.57,0.0452
gout,1051463,395,1399846.4425587535,90650.14933759155,1906.7777777777783,rs2231142,6.48,0.0376
VTE,1026438,153,1318042.0833805166,28918.805457632236,757.679100655049,rs651007,2.19,0.0149
gallstones,1047836,133,1325042.545243379,24688.11975668813,1402.2750491178035,rs4953023,1.86,0.0127
CAD,1045618,29,1180158.5981071056,5028.79566774873,443.1021105119655,rs2891168,0.43,0.0028
